first_name,last_name,job_title,department,email,address,phone_number,salary,password
Michael,Lewis,Personnel officer,Mental health nurse,jerryguerrero@example.org,Port Michaelbury,496.615.5370x960,51642,zSY1rdA5
Robert,Fletcher,Barista,Water engineer,robertsanchez@example.org,Wrightchester,231-689-3417,32600,IVptb3LD
Matthew,Campbell,Technical author,"Editor, commissioning",sfry@example.com,Juanhaven,001-238-420-4715x634,21230,Z6dtqZCC
Nancy,Brady,Meteorologist,Recruitment consultant,fred96@example.com,East Rosebury,360-645-9363,28876,89KchBj2
David,Patterson,Dentist,Equities trader,michael46@example.net,Lake Shirley,001-414-632-1082x201,94649,m9cVZzwy
Alison,Powell,"Presenter, broadcasting",Charity fundraiser,gloverchristopher@example.net,New Diane,(880)373-1672,19043,Qh2MnnHz
Kathy,Watson,Surgeon,"Engineer, maintenance (IT)",brookegraves@example.com,Jaimeside,001-513-476-3702x826,16864,4MLS4DNG
Misty,Jones,Tour manager,Manufacturing engineer,uvazquez@example.net,Gilmoreburgh,+1-999-558-5082x52009,60803,MzQxmQvg
Gregory,Robinson,Water engineer,"Administrator, sports",qhodges@example.net,Williamshaven,(964)227-4250,63652,AonqwoZj
Carol,Murray,Counselling psychologist,"Nurse, children's",jchapman@example.net,Herreramouth,+1-396-865-2260x775,29305,AvjBLwhw
Michael,Dean,Soil scientist,Pension scheme manager,michael26@example.net,Jonesland,915.369.6325x98216,88109,mzZOruTT
Olivia,Burke,Financial adviser,Artist,aharrington@example.org,Lake Michellefurt,(518)761-3082,65556,7lP3r6kp
Daniel,Rich,Television floor manager,Industrial buyer,williamsmike@example.com,North Destiny,001-229-394-6871x64109,88931,WVncP2yf
Kathryn,Andrews,"Accountant, chartered management","Production assistant, radio",coltoncarlson@example.net,Kylemouth,001-390-940-8748x115,48171,wdmi5uzx
Jamie,Hendrix,Psychotherapist,Medical illustrator,medinaashley@example.com,Stoneton,511-459-3912x78012,17239,DfSci4hP
Sally,Garcia,Research scientist (life sciences),Animal technologist,huffmanchristina@example.net,Smithbury,6102453618,32402,inWWvA0j
John,Romero,Data processing manager,Radiation protection practitioner,nancy20@example.net,West Michael,(401)928-6737,64961,rZNKpf5t
Robert,Ross,Amenity horticulturist,Legal secretary,jessicamartinez@example.net,Davishaven,(668)417-4153,77239,DY7UfYI4
Lawrence,Rivera,Medical technical officer,Microbiologist,moralesjanet@example.com,Pamelamouth,251-706-7048x13940,47792,uP65kjQg
Victoria,Garcia,Public affairs consultant,Dispensing optician,cantujennifer@example.com,Ginastad,2527643755,48585,y07hr3pQ
Tiffany,Figueroa,Farm manager,Broadcast engineer,jay21@example.com,North Ruthfort,857-638-2425x89574,91085,ggcta5Fl
Sheryl,Brown,Estate manager/land agent,"Designer, jewellery",theodore12@example.com,Tiffanyburgh,947-616-6834x8832,22022,uu6MqycL
Gary,Reynolds,Primary school teacher,"Clinical scientist, histocompatibility and immunogenetics",teresagrimes@example.net,South Carly,228.477.4043x22295,48783,RQSsW40S
Kevin,Smith,Interior and spatial designer,Museum/gallery exhibitions officer,grantkristy@example.org,Bradleyberg,558-257-8620x158,62289,lduzar41
Richard,Brewer,Training and development officer,"Engineer, technical sales",poolerobin@example.org,Hernandezton,261-735-3906x6410,25712,WKMHbWMW
William,Chung,Systems developer,Tax adviser,lorihull@example.org,Sarahton,673-492-0867x218,74336,YahtHlyC
Faith,Shaw,Archivist,Clinical embryologist,roblesandre@example.com,West Elizabethview,001-486-288-8817x670,28734,o0VPV3sg
Ricky,Harrison,"Nurse, learning disability",Rural practice surveyor,ramirezchristina@example.com,South Paul,871-216-8906x85355,34415,CENh0Z1j
Savannah,Herrera,"Producer, radio",Product manager,stephaniemiller@example.net,Nicholsonberg,2827683189,3944,GkJKtvbK
Tracey,Mcdonald,Outdoor activities/education manager,Risk analyst,taylormartin@example.net,Port Michelle,503-770-4865,72668,IlXzeeIO
Scott,Gonzalez,"Designer, multimedia",Landscape architect,laneteresa@example.org,Port Joshuaborough,(901)765-2575,54870,HmTvt4Ly
William,Ramirez,"Clinical scientist, histocompatibility and immunogenetics",Advertising art director,washingtonlauren@example.com,Alvaradoville,001-284-561-2653,75768,OAmBcXJe
Anna,Hernandez,Dance movement psychotherapist,"Research officer, government",aaronwright@example.com,Hullton,296.793.3188x061,40264,Eum9Gw8s
Nicholas,White,Risk analyst,"Teacher, primary school",cnorman@example.com,Ashleybury,344-556-8070,76999,illIqCny
Charles,Martin,Comptroller,"Chemist, analytical",robert88@example.com,New Jeanetteville,2824505988,62006,vSM5WJDb
Mary,Perez,IT sales professional,Commercial horticulturist,awhite@example.net,New Johnny,001-889-697-5724x819,48434,RIWUCAR5
Amy,Archer,Orthoptist,Orthoptist,garciapaula@example.net,Terriview,001-572-270-2045x94726,16367,gyQ3oCRl
Victor,Ryan,Technical brewer,Psychiatric nurse,brandon10@example.net,Marissaton,(940)561-1794,51860,N9DjB8oU
Emily,Reynolds,Clinical psychologist,Call centre manager,craigsmith@example.net,Lake Elizabethview,8994061346,97243,dr3flE1j
George,Nelson,Adult guidance worker,"Education officer, museum",benjamin27@example.com,East Mitchellberg,271-484-6755,17800,duWq7Oqm
Alyssa,Wright,Trade mark attorney,Banker,padillasierra@example.net,Huangfort,290-230-1384x73981,34405,RyZasRxc
Johnathan,Huynh,"Designer, graphic",Educational psychologist,kimberly79@example.com,New Laura,001-924-581-4929x081,22730,u6ymkIqh
Jocelyn,Powell,Housing manager/officer,"Sound technician, broadcasting/film/video",lgill@example.net,West Juliashire,536-799-6878,25510,aAe2dkan
Brian,Bates,Manufacturing engineer,"Teacher, English as a foreign language",nhuynh@example.com,Port Patrick,769.593.3793x5960,69689,botlU2ZT
Angela,Contreras,Fashion designer,"Engineer, site",markcortez@example.net,Maryborough,593.864.1015x08591,5509,pp1vQelD
Benjamin,Barber,Environmental education officer,"Producer, radio",brooke18@example.org,Bradyville,(567)592-0574x686,52329,DnQbHz49
Rebecca,Pace,Printmaker,Public house manager,jesse09@example.com,Sharifort,943.384.8820,7543,mxvPqnXX
Aaron,Jones,Armed forces technical officer,Industrial buyer,reedstephen@example.com,South Nancymouth,+1-219-248-4719,81288,YRKpvPuP
Heather,Marshall,Astronomer,Company secretary,cjames@example.net,Veronicashire,823-951-5598,52022,38JflzAo
Shelley,Gordon,Trade mark attorney,Lobbyist,christine01@example.net,Smithberg,001-655-605-2955x317,85018,oaVYx2uP
Rita,Wise,"Surveyor, land/geomatics",Immigration officer,ashleemcpherson@example.org,New Daniel,(492)879-1640,38664,CyKmC7yl
Amy,Espinoza,Archaeologist,Illustrator,tmartinez@example.org,Chamberstown,780.641.4532,2490,QLgnQsIy
Vicki,Boyd,Air broker,Passenger transport manager,phyllis24@example.com,West Annville,441-835-1556x672,29980,7lPzxtKd
Lori,Clark,Hospital pharmacist,Chartered loss adjuster,xthompson@example.com,East Debbie,+1-443-418-1363,11307,KzZwTpWJ
Sarah,Nelson,"Sales professional, IT","Engineer, civil (contracting)",charleshernandez@example.net,Mariaville,(510)374-6885x739,6014,6Y8NinZh
Norman,Brown,"Engineer, production",Community pharmacist,hayslarry@example.net,Harrellmouth,879-290-8938x4204,79306,CXfyiiRU
Ryan,Jenkins,Glass blower/designer,Systems analyst,laceyzimmerman@example.net,Port Diane,849-860-8225,26925,hxuesOn7
Alexandria,Macdonald,"Buyer, retail",Oncologist,dennisburns@example.org,Gabrielburgh,557-558-7944,44550,yHC9YoWQ
David,Diaz,"Sound technician, broadcasting/film/video",Theatre manager,kellysandra@example.org,Penaview,001-434-696-6407x26813,96948,G2XsushG
Bradley,Brown,"Horticulturist, amenity",Agricultural engineer,brian69@example.net,Davisville,(563)500-1430x62830,77729,n4psm6dQ
Kevin,Parker,Passenger transport manager,"Horticulturist, amenity",jamesdixon@example.org,Benjaminfurt,261.768.3257,45263,Ozjmt8sf
Matthew,Graham,Armed forces training and education officer,Hotel manager,james17@example.org,Christopherfort,5078920388,35217,WfeZkqEz
Timothy,Collins,"Engineer, broadcasting (operations)",Patent attorney,freemankevin@example.com,Ramirezhaven,711.631.0699,57755,Vx6IoAoB
Cassandra,Williams,Professor Emeritus,Counsellor,hoffmanmichael@example.org,Martinezfurt,696.995.0170x23492,91323,mfcQiM3T
Cheryl,Murray,Occupational therapist,Customer service manager,anitawilliams@example.org,North Sherri,7332836131,13199,y6zstZZS
Heather,Cox,"Investment banker, operational",Public librarian,donnashannon@example.org,North Joel,+1-890-337-8341x78558,95678,JYB6qIsE
Brian,Becker,English as a second language teacher,Restaurant manager,dennis49@example.org,South Kiaraview,(961)656-2838,24031,ohADpEop
Whitney,Riggs,Set designer,Theme park manager,lindaboyle@example.net,North Leonard,001-845-379-0698x4034,93103,mDdE12Ia
Derek,Johnson,"Surveyor, land/geomatics","Research officer, government",pmartinez@example.com,New Whitney,515-832-7270,88125,WFIMiF0m
Kimberly,Mills,"Development worker, community",Wellsite geologist,richardstone@example.org,Karenborough,456-964-0894,27419,4vSCfK7a
Courtney,Wheeler,Data processing manager,Social worker,jessicasmith@example.org,Huntbury,001-644-892-8271,29782,NfBLSmlH
Christian,Bradshaw,Commercial art gallery manager,Clinical psychologist,timothy52@example.org,Jeremyport,(639)414-3786,31868,tYiU03Xs
Michael,Ellis,"Surveyor, building control",Fast food restaurant manager,sethsmith@example.org,New Tina,7345515724,46528,4oqYkJd9
Andrew,Massey,Data scientist,Web designer,jason20@example.org,East Johnmouth,735-515-9196x80221,51748,PoRJd1Rk
Edward,Ramos,Maintenance engineer,"Designer, textile",sarahtucker@example.com,Wagnerfurt,612-460-8113x12198,83647,mTglxXGl
Steve,Acevedo,"Sales professional, IT",Chief Financial Officer,wilkinsonlisa@example.net,Brownside,001-946-497-1791x5660,32067,xosvjtOy
Anthony,Stephens,"Investment banker, operational",Product manager,danabates@example.org,Angelamouth,858.326.9406,79298,jFaVz9cR
Robert,Becker,Clinical cytogeneticist,Sports development officer,wrodriguez@example.com,Blairfurt,+1-253-578-2750x59768,98019,abIcOHsh
Joshua,Gill,"Teacher, early years/pre",Financial planner,nkhan@example.com,Thomaston,403.960.3846x3935,65099,WbB3ALRG
Melanie,Green,Politician's assistant,Ophthalmologist,kchavez@example.com,North Jasminemouth,3418645594,18355,CVR9FljZ
Jessica,Ruiz,"Designer, textile",Sub,whitneybarron@example.org,Robinsonfurt,866.774.4871,22058,mZ32Tyr1
Katherine,Harris,"Surveyor, hydrographic",Best boy,swilliamson@example.com,Lake Nicholas,001-321-821-5192x093,82199,TsDS097I
Melanie,Mcbride,Technical brewer,Research scientist (physical sciences),chapmanthomas@example.net,East Brandonmouth,001-362-670-4332x769,59516,pBuqy6sQ
Michael,Sharp,Water engineer,Health and safety inspector,tracy40@example.org,Brianchester,(972)729-7936x9195,30383,tYvzqUtO
Toni,Taylor,"Teacher, primary school",Archaeologist,longstephanie@example.com,Andreafurt,267.732.1409x62166,34879,9kAM7Wsb
Andrew,Pena,"Surveyor, minerals",Ranger/warden,loganchaney@example.net,Port Danafurt,397.620.7437x487,94082,VNRbxV06
Alyssa,Pena,"Editor, magazine features",Media planner,hayesbeverly@example.net,Lake Taylorburgh,410.542.9055,62950,3TD5ew7o
Chris,Chandler,"Engineer, building services",Web designer,ureyes@example.com,South Kevinmouth,486.786.5978,16979,dEmwk0cK
Matthew,Ward,Aeronautical engineer,International aid/development worker,michellebaldwin@example.com,West April,526-721-8158x547,75169,Ey3I4QKa
Thomas,English,Therapeutic radiographer,"Exhibitions officer, museum/gallery",jonesjason@example.org,New George,799-985-6727x8037,95536,GE7uWGTJ
Jason,Collins,Accounting technician,"Engineer, petroleum",gregorytran@example.net,Port Lisaton,4024387242,34807,jUJIkmx7
Eric,Vargas,"Buyer, retail",Careers adviser,klewis@example.org,Jasonhaven,367-539-8115x88842,89009,jI7nbRVH
Jimmy,Jackson,Surgeon,Research scientist (medical),kcarter@example.com,Lake James,621.246.6169x26791,79808,dLqDWgKM
Justin,Rasmussen,Hydrographic surveyor,Sports coach,rogersanna@example.com,Lake Lauraberg,433.687.0826x03734,92892,22bRztKh
Kayla,Rowe,Contracting civil engineer,Geoscientist,troyjohnson@example.com,Bradleyton,790.827.3965,31573,vhQDpWNz
Emma,Cherry,Editorial assistant,Physiological scientist,cassandra22@example.com,Keithburgh,495.762.3279x71887,56216,Bfjme1dv
Robin,Jones,Museum/gallery conservator,Fish farm manager,vsmith@example.org,Kingmouth,(381)795-6772x96884,84199,ICmOxf9e
Kristina,Stone,Warehouse manager,Seismic interpreter,grantmelissa@example.org,Port Thomaschester,+1-928-395-6376x136,22282,ZzsvPG8c
Jennifer,Moody,Water engineer,Community arts worker,raymondmiller@example.com,Candicehaven,(676)905-1615x3046,38150,dDVeFmip
Lori,Perry,Drilling engineer,Licensed conveyancer,josborne@example.com,North Williamchester,632.722.4861,46693,T5rq6COv
