first_name,last_name,job_title,department,email,address,phone_number,salary,password
Danielle,Johnson,Haematologist,Sales,jeffreydoyle@example.net,"600 Jeffery Parkways, New Jamesside, MT 29394",394.802.6542x351,xxxxx,23b8e6eb51223f700ac24fc6fc20057ad76bc188fca3487a4ed50c540a987ee7
Colin,Abbott,Trade mark attorney,Sales,lindsay78@example.org,"Unit 6184 Box 9593, DPO AP 09617",7344131647,xxxxx,c2933a5f1770cb00c9e157e6060756e9f04ba5bcebdc315cd7f333d49d365b03
Mitchell,Clark,"Geologist, engineering",Legal,lynchgeorge@example.net,"4835 Jeremy Bypass Suite 641, New Nancy, MD 28370",+1-876-772-4238x8496,xxxxx,b712375a13c326fa1476f7bd41de4a4ad9798659891de07595c5320f1fc35591
Jeffrey,Bright,Sales executive,Customer Support,ddavis@example.org,"691 James Mountain, Tashatown, TX 94967",284-651-4627,xxxxx,70cb52eebbb7dca84950ce8ce1866d696e2d72383bd9dfcd8c213fcfdcee3e99
Teresa,Gill,"Runner, broadcasting/film/video",Human Resources,harrellkenneth@example.net,"52880 Burns Creek, Natashaport, IA 08093",991.417.1822,xxxxx,d8431dcb4a987883fccd4c0d68f780a6fbd7540735b3d15858193b213baef1a4
Joseph,Brennan,Pharmacologist,Human Resources,sarahcampos@example.net,"5787 John Circles Suite 098, New Jeffrey, CA 93279",+1-403-910-5183x4738,xxxxx,bedd045bfc0279227a2af57f067df9c5425ab2d48172d6921085aa616e912173
John,Kennedy,Optometrist,Data,clintonhopkins@example.com,"010 Chandler Union Apt. 333, Taylorburgh, KY 61138",517.481.0801,xxxxx,13151bbfb0c7583e12d529893e57e06fbfc724816347fe5a3ec9b115a7e603ed
Richard,Olson,Oncologist,Operations,martinaaron@example.com,"6872 Kenneth Centers Apt. 500, Shawhaven, GA 07956",312.819.1361x93990,xxxxx,b8747e006b2f66619d7a41bc2f26e0ec6260e85295d6311c0dd2a96c67db01d4
Diane,Cunningham,Interpreter,Legal,james53@example.com,"5107 Charles Forest Suite 251, West Justin, NV 71701",001-449-680-8412x411,xxxxx,2950cef53b8c16a77c86ccdc6423e6da4cb1b4692df58ca51223c0ddb375a1b3
Juan,Clark,Lobbyist,Customer Support,gracefarrell@example.net,"64005 Dana Greens, Lake Scott, VT 56558",+1-401-812-8059,xxxxx,c0cb9960e5007be8ab6126bcbe01f9cb59102e32f8aacdae3604fef22e4bb307
David,Parker,Archaeologist,Data,jason31@example.com,"232 Nicole Burg Apt. 563, Erikville, MS 05576",333.675.4330x3654,xxxxx,58f951b6dd29e9da6fd4db9e9e6cff7ebaf0ea1449c2965bb5ce664e71ec6b42
Michael,Hicks,Software engineer,Product,sheila14@example.org,"19655 Obrien Pass Apt. 693, Bradleychester, AL 68647",+1-635-661-5951,xxxxx,21e5715256ac37434bae7a940d79ebb6bfdf57e2744e18fd88b23a37b9fe0ae2
Elizabeth,Nguyen,Hotel manager,Marketing,jamesortega@example.com,"946 Kevin Fords, Floydmouth, NH 58406",638.572.1489x513,xxxxx,d940538149ebed46d4e56d8246e911f3db3bd6e834e766b646a7835b0a074fec
Lindsay,Hernandez,Armed forces training and education officer,Engineering,traceycarr@example.org,"676 Dylan Spurs, Port Michelleville, WI 56225",428.970.8317,xxxxx,c64c78c28f235649a15a28db33eed190127edd2e911f6db6b02631c5131be0de
Elizabeth,Travis,"Therapist, nutritional",Legal,stephanie79@example.net,"727 Green Gateway Suite 873, Scottport, IA 36115",958-812-2362x31665,xxxxx,4d157c25d198e269d480b26eeffa0d1dddca54f1aa0d4ccad3af560a307ab2da
Bryan,Wall,Neurosurgeon,Product,gateskathy@example.com,"6688 Tracy Groves Suite 706, Elizabethfurt, VA 22133",929.480.6990x162,xxxxx,e7e765c9b14b71984fa4d68b99f1b7d13bea857d210631059c76e754a5f2cf01
Brent,Gray,"Engineer, mining",Sales,wmurphy@example.com,"1708 Zoe Keys Apt. 100, East Mary, RI 20474",427.319.3745,xxxxx,44223bb990d2ac8e6567043fd54bdefc0c56dd21db4ac54a6aad8202a828c391
Kimberly,Martin,Insurance risk surveyor,Sales,lanesarah@example.net,"3193 Heidi Hollow Apt. 905, Stanleyland, NY 85375",906-971-6572x62849,xxxxx,474e514197fc8bb97a0862a8de86ad7e3210044eacff588fddaef069018aef5f
Ryan,Simon,"Geologist, wellsite",Data,melissa14@example.com,"965 Troy Islands Apt. 735, Matthewview, OH 01831",531.836.7837x77014,xxxxx,79c69da27db623884426ca7a129d71b6130558ddee82b393dcb29ea0959df157
Heather,Torres,Television camera operator,Engineering,thomas85@example.com,"Unit 8557 Box 4443, DPO AE 95041",651.382.3374,xxxxx,f56b1e41a24b243bce22fde56fb6e223c6e8585f98ff4eee018c5468f71d8caf
Marissa,Phillips,Media planner,Marketing,kevinerickson@example.org,"427 Monique Ports, Taylormouth, MA 24665",2474116719,xxxxx,857ed9761ba603542043fbb4439f3652bd18c86084439cfa7c5e8ca62818c0be
Edward,Hart,Industrial buyer,Marketing,mcknightdavid@example.com,"677 Dalton Meadow, Ashleyton, RI 97505",333-441-2328,xxxxx,c616a0555832f72cd3971476706e57aa9810ab1e5af7a8dee37437197ab4c8f6
Aaron,Hayes,"Therapist, music",Customer Support,ocarter@example.com,"34936 Amy Rue Apt. 421, East Laurashire, PW 38329",217.846.4887x719,xxxxx,51ab087dcbc3830d78840d4909b23904fd741c3f791cb47ad144698ffd3596de
Jessica,Munoz,Agricultural engineer,Engineering,perezemily@example.net,"490 Thomas Run, Moonburgh, OR 57633",+1-671-875-6551x2567,xxxxx,d342edb693c3f1d64ee47a39603b985e8d8f396acba392e7d0e6d240778bda43
Lisa,Pierce,"Programme researcher, broadcasting/film/video",Finance,edwardsmarcus@example.com,"876 Jacob Lake, Garrettton, IL 35504",+1-424-677-1093,xxxxx,1381bbc8b2ff0259a1ecb2cd8b698a943ae5fe68a0789b55b73dfff96c3e45d8
Andrea,Tran,Chief Financial Officer,Product,victoriadurham@example.com,"USNS Jimenez, FPO AP 38755",346.677.3782x63982,xxxxx,b3c577c9aa9569913b5eb63b45b20936173c3ef59a5bdb1ff594b0c1c016db7a
Kendra,Dickerson,"Librarian, public",Legal,lori44@example.net,"78755 Gibson Islands Apt. 396, Port Kimberly, AZ 42205",001-376-962-7028x9517,xxxxx,357b3a3e0d2d2e0cb33b9a1104195f39b360d83dace64a6e43b74fc0c34683fc
Alexis,Thomas,"Designer, fashion/clothing",Operations,harrisontanya@example.com,"158 Finley Road Suite 809, East Crystalport, IN 98381",761-217-2400,xxxxx,22ca749d1b24a43433aa2b492a047c7aff3fb842d36a3a3b7c37f656e6fac1f0
Kelly,Brooks,Dancer,Product,amandaknight@example.org,"693 Durham Divide, South Dana, NH 33967",+1-607-548-2175x94647,xxxxx,7b3001b82cdc0a08e491b5fb09793fc48d5145c0d47fca91dbeab57f001e1ec9
Yvonne,Castaneda,Clinical biochemist,Operations,patrickhoward@example.com,"Unit 4064 Box 0909, DPO AP 65608",239-753-3942x1047,xxxxx,cb969bd9813c0b274594ac409636e7bdb4daff6c85de2ff7ffd414756d056b66
Jessica,Davis,Hotel manager,Engineering,julie23@example.org,"842 Sloan Orchard Suite 517, East Karenbury, VI 89148",001-868-751-6048x1754,xxxxx,0d7a1cbd7551226521a3b80cb361168deee8d0c74ae2f24573e2265c2f8da0c6
Daniel,Hall,Agricultural consultant,Marketing,rose31@example.net,"612 Sophia Hollow Suite 113, South Shawn, TN 97905",001-786-592-6179x640,xxxxx,4fe805c6d97b99fc873b8c38c59b6202c0d4a94b79bd4f3b54520f67334ad20c
Scott,Sampson,Medical laboratory scientific officer,Finance,pollardmichael@example.net,"3171 Darlene Ranch Apt. 053, Port Anne, CA 73142",493.435.2904,xxxxx,a11c7c1c6cd8604a864cba1a574c0ef17e708de7d82234118e744bce376ff357
Amber,Lindsey,Clinical molecular geneticist,Marketing,andersonmichael@example.org,"40268 Julie Mountains, Stricklandhaven, OR 14794",883.390.8470x076,xxxxx,fd17c57b04ac126c05676e35bc3817e7aa7545a941880961e770d7871e963e3c
Tracy,Browning,"Buyer, retail",Legal,morriseddie@example.org,"9847 Garcia Squares Apt. 836, Beasleychester, MA 59942",(361)856-5452x7111,xxxxx,78a87bc1123841e6b2660937076bd6d599e67fd6433218481342f3ecb9167255
Colin,Rodgers,"Conservator, furniture",Product,willisanna@example.com,"6049 Bell Ports Apt. 273, West Meganstad, DE 37013",001-636-289-9809,xxxxx,4aa9a605acddcb8ce8fcde22758ed042dafcd19890e277665438aaf3397bdfb9
Henry,Park,Insurance broker,Customer Support,michael22@example.net,"01836 Chavez Estate, Larrymouth, WI 74896",+1-910-822-9014x767,xxxxx,26727f8c95fcdec3c84b5fa4e4550ff36df9965609e75d6a39c3abe395634031
Joshua,Fischer,Clothing/textile technologist,Customer Support,russell49@example.com,"36900 Kevin Forest Apt. 445, North Tylerchester, HI 17433",(783)888-5160x6071,xxxxx,54d8a0cdc0a0fb793926e93cc4f9de5109ad7b15442d6f15c63c1d8ff449ec35
Ashley,Mckinney,Pensions consultant,Operations,darius05@example.org,"516 John Radial Suite 816, Juliebury, MA 22538",581-388-3552,xxxxx,d15d9435295bb251ee1d019feaa5c7f35e0b49b41734618fe5b41d8602e938d8
Dwayne,Gonzalez,Town planner,Finance,kathleenrios@example.org,"USCGC Marshall, FPO AP 76453",299.755.2717x744,xxxxx,3d177080535abf209c8fd0524b4c2a9a42037a9b4887c8edd689dc834b958dc2
William,Collins,Production engineer,Finance,brownmarie@example.org,"986 Carpenter Turnpike, South Reginashire, SD 25173",997-982-0715x18203,xxxxx,e905416eccc2527ad8d8798a6b41ded15ec41fa08ee997dc514b3030774e1239
Alexandria,Bishop,Medical physicist,Sales,samantha66@example.com,"515 Angela Lights, Johnathanberg, MA 11183",001-825-746-2914,xxxxx,249016298dd47fb76317db8605771b543e59a08f8b04588355709aa36ccc9bb1
Lisa,Santiago,Secretary/administrator,Engineering,lucasrodney@example.com,"35733 Eric Hill Apt. 888, Lake Matthewberg, PA 49878",(522)992-7065,xxxxx,29798517d380be0ff1e692dc02c0cbd57fa00892d1b41a398eed3277f4684a48
Cheryl,Goodwin,"Production assistant, radio",Legal,amandacollins@example.com,"PSC 3597, Box 7468, APO AP 55375",(339)324-0758,xxxxx,5c38abc00ba084363ad56fc9ec073ed299e5d7eddef4ad0fdb6a4fac791b8c7b
Justin,Hines,Government social research officer,Engineering,jwhitehead@example.com,"5060 Shaw Freeway, Vangstad, IN 04195",215-622-0472x77901,xxxxx,70e645cfe3813cb24bee1b60e608e2d95145ec77c28cf970538befbe89ea799a
Jason,Hernandez,Transport planner,Product,srodriguez@example.org,"69711 Carlson Brook, Lake Douglas, NE 00706",+1-253-896-2185x188,xxxxx,e84269ecc67df7013e7395c28d264716af6500f5fa92a1a471efc8cfd539a9c1
Morgan,Williams,Naval architect,Finance,jon05@example.org,"520 Payne Via, Port Kimberly, NH 91647",822.917.0430x3054,xxxxx,29c458943e1e4ef9945f3c6b6722f96ffd8247b78e8fd48260ae2999bdd9e9cb
Jon,Mullins,"Engineer, aeronautical",Finance,michael05@example.com,"6765 Tyler Parks Suite 841, Millerburgh, ND 39005",711-854-4796x27570,xxxxx,9c77b90f2d0b06dc63c521a32071c7375119f9ebb5fed593d5d329993334afba
Joshua,Whitney,Barista,Finance,lambertrichard@example.net,"29702 Joel Rue, Michaelshire, AZ 79811",(775)857-1928,xxxxx,9b1cc91728e9b8a24497ee1c1421b24aa620e5771a3073769d177c97643b04bd
Leonard,Ramirez,Clothing/textile technologist,Product,fitzgeraldvictor@example.com,"PSC 1447, Box 3947, APO AE 16575",(617)627-1551,xxxxx,946655667f3fa6c57f0242fef2f97ac40ee4c1946ea8d38f856f849203f50434
Melissa,Joseph,Ecologist,Customer Support,william13@example.org,"58957 Cheryl Corners Apt. 467, Hammondshire, CA 16927",317-478-5289x22680,xxxxx,83b07356e5dee226c2a353c1b8c5e149ae106187431c94e1e5cee78b06547fee
Kevin,Martin,Equality and diversity officer,Customer Support,stacey84@example.org,"49818 Brittany Prairie Apt. 299, Meganshire, AZ 04219",909-643-9690,xxxxx,d57b09a4207601e3097790c174ff38795a9c6c12ebc292a94df628188dfc4659
Dawn,Turner,Financial risk analyst,Customer Support,eevans@example.net,"7735 Larry Stravenue Suite 562, Zacharyville, MD 32186",514.473.2104x696,xxxxx,f8d24b4cc8e18268f4ad0bc564f173bc65c7bb242ea7972411432a0a058413f3
Lisa,Peck,Intelligence analyst,Finance,kathrynjimenez@example.net,"0168 Levy Forge Suite 004, Harperfort, LA 70846",8162245650,xxxxx,04c12063f0c923ba149c07adda31fbc98f4230dd04acbafb4801ac25fc94b8d8
Ashley,Lee,Surgeon,Human Resources,charles87@example.net,"16558 Fischer Flat, Porterton, AZ 18462",001-457-887-2982x595,xxxxx,fffa8a13e96a452bf2d11931717a322846735939031c7d47deaff4685d201820
Vicki,Stevenson,Hydrographic surveyor,Customer Support,william88@example.com,"0551 Silva Underpass Apt. 974, Lake Brett, NJ 22850",896.523.0913x07562,xxxxx,3ba698ee285ebaa03603e51684415f8744deaff444f73606d911ee28325d560f
Robert,Hampton,Public affairs consultant,Sales,thorntonapril@example.net,"652 Barr Junctions Suite 497, East Joshua, ME 29974",843-875-7584x4198,xxxxx,1efcb8d4ef30f8adf1fac76f5d09cc08793567d9c6a9884746434b01a47753a9
Loretta,Blevins,Dancer,Legal,bobby15@example.com,"38484 Daniel Streets Apt. 308, Lake Jesse, CT 54673",271-320-8267x73454,xxxxx,da8d2150727108a078eaa3a12c1a3ea68cbd5d0002759ef0c138de60f4085c3a
Denise,Hall,Applications developer,Data,robertmonroe@example.org,"Unit 6724 Box 0049, DPO AP 14565",947-688-7287x43152,xxxxx,52e9c225edb59d114a1deb03b22b72abebec598aebb04b93e46f73ed5b25bc79
Jennifer,Smith,Leisure centre manager,Legal,ashley32@example.net,"8516 Jack Dam Suite 530, Patrickmouth, WV 35496",649-390-4530x17426,xxxxx,08eca500f2e63f506cadad5f5de0affe3eaf692c23d5b2f799453d1fb653571d
Danielle,Shepard,Mental health nurse,Operations,jeffreyanderson@example.org,"8783 Erin Ranch Apt. 878, Christianshire, DE 08595",+1-983-398-2258,xxxxx,2f033c152be483d2dafabffc47bab9da1adcb097f55685de085969b6843aae6a
Erin,Love,Records manager,Product,nolansean@example.org,"9087 Cummings Locks Suite 039, North Rodneyland, ND 08398",870-946-2265,xxxxx,950d5f8c8baa8576cc26b0b43340d7230342d3db158736d225cf85770a5487e3
Molly,Knox,Mining engineer,Finance,vegadorothy@example.net,"28682 Mary Throughway Apt. 478, Patelbury, IA 60876",(324)231-0690x331,xxxxx,34409afb009eeee3cdb76b19c382e9ba6efbb25cbee00de2821c4db0a6c311d2
Sean,Powers,Art therapist,Legal,joymorales@example.org,"84395 Young Wells, Lake Adriana, MT 39888",708-892-6870x568,xxxxx,b69ee8ccc60fc5ff0c9b95a508ed2f118ffb3509adaff825902d15dd334a1425
Ricky,Evans,Educational psychologist,Finance,oallen@example.com,"0866 Paul Glens, West Deborah, NV 49138",383-504-6990,xxxxx,f4a387884200ee789efd5e21aa042283c791c50c6e4f340a1dbf9bcbd5a080b3
Linda,Matthews,"Surveyor, land/geomatics",Human Resources,timothybooth@example.com,"31739 Randy Garden, Kimberlyfurt, NH 70447",+1-754-845-8771x7535,xxxxx,9b33897e87590f7c3741d56a12e478d951ad85a1e11c9fdcd8f962f64f2c4705
Brandon,Shields,Dancer,Sales,greensarah@example.net,"35369 Victor Shoal Suite 477, Jacksonstad, GA 18845",001-587-328-0801x0062,xxxxx,cfb01750e4404be5f3f668eadc9ed4e10d81bcfc98210f4b401c35162dc121aa
Jasmine,Smith,Risk analyst,Customer Support,nbrooks@example.net,"700 Smith Pines Suite 840, Drakeburgh, CT 13125",523.539.8454x61567,xxxxx,80d5275aadfb6ade5655372a729d93bf61bd4d26fd83d370e1e2b41efe6cb5ae
Kevin,Clayton,Catering manager,Product,davisnicholas@example.net,"217 Newman Isle, New Samanthabury, IL 91240",001-474-701-4890,xxxxx,ff817f287dd125eae760f7613567557d28585018387c85db1a32cd43b2b6511a
Alexis,Clark,Cytogeneticist,Data,thickman@example.org,"856 Krystal Spurs Apt. 850, South Jesseland, MA 79821",001-499-865-0477x35866,xxxxx,8e66e000b8ee05777c7bc5944f0d3b1f45999381897ff40331c62b7618ab8e71
Christopher,Montgomery,Fine artist,Sales,millereric@example.net,"655 Christopher Inlet, Wardview, CT 17868",226-378-8861,xxxxx,3424bb634ef5aa574a4584da938167c0cc8978a43aae3cb7c69f0440c6331e7e
Michael,Davis,"Therapist, sports",Legal,michelle04@example.com,"839 Gina Extension, West Kevin, NM 19628",626-546-4715,xxxxx,abe026a04aa0abbe5383fcad476772a3ff7eb39a62cd64bfede979ee8eb0a57b
Jennifer,Simpson,Warehouse manager,Marketing,stephentaylor@example.org,"USNV Skinner, FPO AA 43694",856.792.4593x752,xxxxx,f69864ce2154d92b7ef22673b4c0c6ef016566f3a9a58966a301d3d04dd6ec31
Kelly,Neal,Recycling officer,Human Resources,markramirez@example.com,"828 Stephanie Mountain, South Lauren, MP 91312",867-324-3426,xxxxx,a46759763592dca27bb21a1fbf8979eabe34f7db1c8fcc423aec92d292428533
Shane,Harper,Television floor manager,Engineering,sferguson@example.com,"891 Kayla Shoals Suite 290, Rasmussenmouth, WY 56921",501-943-8889,xxxxx,eddb34185390b6ca8dd0a3fde1e8fc76472275781b20d8a0d0341b8314e27489
Neil,Ford,Theatre stage manager,Legal,michaeljohnson@example.org,"25457 Adriana Keys, Davismouth, MD 09305",801-905-1238x2825,xxxxx,81dd0d63a5ea503711d2e4510d7bd65f8adc3d56716903dd0edd53b97ac38ef4
Jesse,Sullivan,Educational psychologist,Sales,daniellereynolds@example.org,"9660 Jamie Terrace, New Cristianside, HI 48446",737-714-7859x69691,xxxxx,160eb8ea42b8c94a9f7dc798abb521ea27c63701b9f90c765444bb3df82447e3
Megan,Williamson,Human resources officer,Human Resources,powerslawrence@example.org,"2866 Bailey Manors, South Cynthia, UT 85076",(282)774-2257,xxxxx,f40431411708c726f196727554744bd3da582fc72f97fd29eb448c6eb8992009
Stephanie,Washington,"Engineer, broadcasting (operations)",Data,gmaynard@example.net,"7721 Laura Forges Suite 043, Garymouth, OK 97824",001-578-881-9148x58078,xxxxx,9f1d9dd2722f4f9554913a8ad24f0478a756d87383dbdbd764dde928c5c276bf
Curtis,Greer,Firefighter,Engineering,nancy07@example.com,"1339 Callahan Ridge, Martinberg, WY 27583",709.658.4982,xxxxx,0dfad974e9a2eab2bc33e2a20cd00d692c538c29275731de6b431b3ca6017b1c
Keith,Adams,"Scientist, audiological",Sales,taylorkaren@example.com,"PSC 4223, Box 2536, APO AA 19135",001-646-767-1168,xxxxx,63b5ce5e81975b5b21b7abde903d68707d68a725b1f08f4f59351bd6239ddbfa
Shawn,Freeman,Television camera operator,Marketing,meltonmelanie@example.org,"518 Robinson Meadow Apt. 745, Matthewshire, DC 74706",550.401.7012x7706,xxxxx,e2b489def4a91443a7603c778c9a1fcffee7bf745b1be1deb9f4f92e793c7047
Nicole,Turner,Graphic designer,Human Resources,penajohn@example.com,"64361 Aaron Neck, East Brittneyhaven, TX 58836",8053162713,xxxxx,7d3e9f71ab179f167b084662b07b4736fda07e2f0aff262f8ffa766961c22b12
Jessica,Garcia,Intelligence analyst,Legal,nicole26@example.org,"89092 Bell Forest, South Christina, NV 28975",412-519-6565,xxxxx,debcdcee8e141e6ce42eb3a1baaa9c7437f268463a577187a8645e6140b3059e
Joshua,Miller,Surgeon,Customer Support,kimberly04@example.org,"640 Troy Creek, South Danielle, CA 69744",4559269658,xxxxx,7ad77259b76850830ad7e37a2fc3fc048645116c59757f9ccd0b028c5337e4ac
Stephanie,Townsend,Adult guidance worker,Marketing,smithjason@example.org,"USCGC Hunter, FPO AP 93906",566.461.8892x41418,xxxxx,c08d6df3e47ae4e052e6bc852ab88722c61fe2825340089c99a74c92fad41c8a
Amanda,Myers,Brewing technologist,Product,holly30@example.org,"79904 David Station Apt. 027, Alexandraview, GA 49242",(641)305-6481,xxxxx,a9dad12b528f880176591359a641bdf77ce845942a870c1faffce27dbd3272dc
Tyler,Dixon,Automotive engineer,Finance,kvillarreal@example.com,"138 Bradley Wall, East Brandonstad, MS 20172",(608)363-5365,xxxxx,b1cfd0c9fbd4a26a93a1092d82845206efc7c449f21bac21e850b22eb5acc11f
Ashley,Wilson,Associate Professor,Engineering,jeffreyblack@example.org,"USS Wiley, FPO AA 41224",918-570-5349x49375,xxxxx,83608a86a293e517b2e3b65a1734ce357891a25730691c250d051bb640dc92c4
Jessica,Payne,Financial trader,Sales,adamortiz@example.org,"0641 Alyssa Freeway, Vasquezton, FL 93778",410-838-6571x918,xxxxx,0fcede1c23e1e69ef27924f5eb7e651cf4f6c241c08f809731310b98e383c026
Charles,Bradley,"Presenter, broadcasting",Human Resources,joelgreen@example.com,"PSC 6557, Box 4313, APO AE 77139",721-527-7561,xxxxx,1d0d2ef3f25b1fdea00c93f26a56df2b6e21512ea3818b6d2ccf8068cfcfdd27
Shannon,Ford,Communications engineer,Human Resources,mooregina@example.net,"52135 Palmer Springs, Jorgeburgh, AK 53505",488.531.7121x003,xxxxx,4cc0f381e1e5248198bf6fe8406ca16982358cb6dee4a00d92e4385d0df40b30
Madison,Watson,Chartered accountant,Human Resources,samantha10@example.org,"15107 Gary Ports Suite 670, Vegaburgh, MI 28644",(544)672-0999,xxxxx,018575a6af3bc15b483ba3ab9ae00a5001a84eb3e54aba8b95ea80de8c43cbb2
Victor,Andrade,Quality manager,Operations,millerpatrick@example.com,"806 Castillo Tunnel, Coopershire, NY 42654",(542)405-9304x0785,xxxxx,30d9d55b371e45e2eb8c5131a5f6841c0a61fd7a0b1e76593c6d7972f66fbb88
Craig,Sandoval,Geographical information systems officer,Engineering,gallagherstacie@example.net,"2239 Drake Square Suite 905, New Stacy, MP 65018",+1-542-270-1039,xxxxx,9af1b7af436f186529cd615a91602ee77e68546f16a096321f76f9251f3f98fe
Alisha,Smith,Visual merchandiser,Marketing,lindsaypeterson@example.org,"PSC 5002, Box 9218, APO AA 10007",(469)715-4522x675,xxxxx,6c57f39469ee75c89f0dee36fddda789b5bccb335b3b450fcc614d035a3b0160
Jeffrey,Chapman,Economist,Marketing,sparker@example.com,"969 Ian Island, Lake Ariana, NM 18935",713-655-2157x04331,xxxxx,da03e7bbf531c19fde34fb59decc6c993abfa3b102284720f924527be05d0120
Kristin,Le,Art therapist,Legal,akim@example.org,"5861 Kramer Ports Apt. 271, West Andrewview, CT 10226",826-421-8159x97062,xxxxx,37a0a1238c923a895f89f65cf0043e10eaffa995f31cdd4ea4c19a80d13d3e47
Brian,Rivera,Energy manager,Data,uterry@example.net,"3106 Hernandez Lake Apt. 614, Gonzaleztown, IL 22892",+1-441-771-4677x4186,xxxxx,01e0eded07de05ce8d9d0d22fdb7ffc122b143d950eb744703c467b28d53feee
Nicole,Wood,Product designer,Marketing,bakersteven@example.org,"11586 Angela Ville, Cardenaschester, ND 90556",493.374.1608x9899,xxxxx,268e5761aa3a4f39bb1f506cbd6bdeccee47831fec7bd810e4713f987b8c3257
